Time,Profile,PWM,bus1dev1,bus1dev0,bus0dev0,PlateAverage,error,kp,ki,kd
0.011609,0.0,-0.0,25.75,26.5,26.5,26.25,-0.0525,0.0,0.0,0.0
1.512024,0.0,0.0,25.75,26.5,26.75,26.333333333333332,-6.571000000000004,3.3861335642716055e-07,2.6519717129861708e-12,-5.255460403000322e-11
3.021691,0.0,0.0,25.75,26.5,26.75,26.333333333333332,-13.14066666666666,1.3585509167006123e-06,2.1445023066032976e-11,-2.10854368637868e-10
4.532388,0.0,0.0,25.75,26.5,26.5,26.25,-19.695333333333334,3.055960028388025e-06,7.255352914305656e-11,-4.743013415597403e-10
6.037226,0.0,0.0,25.75,26.25,26.5,26.166666666666668,-26.090166666666665,5.415740045467511e-06,1.7130882780134957e-10,-8.405518217654786e-10
7.53952,0.0,0.0,25.75,26.5,26.5,26.25,-26.22616666666665,8.41797948017899e-06,3.3131405082099213e-10,-1.3065154398558341e-09
9.049978,0.0,0.0,25.75,26.25,26.5,26.166666666666668,-26.195333333333295,1.2081452411324991e-05,5.687642363019105e-10,-1.8751060332762755e-09
10.556386,55.63859999999998,0.0,25.5,26.25,26.5,26.083333333333332,-23.63204866666664,1.4634108905580028e-05,7.544556966910522e-10,-2.2712919743616864e-09
12.06349,100.0,0.0,25.5,26.25,26.75,26.166666666666668,-1.5009273333333104,5.588161244330077e-06,0.0,-8.6731251404362e-10
13.57057,100.0,1.057366027933612e-05,25.5,26.25,26.5,26.083333333333332,22.119572666666652,4.780758080208409e-07,0.0,-7.419992244846968e-11
15.071198,100.0,3.1073886030602436e-05,25.5,26.25,26.5,26.083333333333332,46.54290600000004,6.676761361397689e-07,0.0,-1.0362690747161442e-10
16.574823,100.0,0.00040866936125217673,25.75,26.0,26.5,26.083333333333332,69.76055413333344,5.858328178447474e-06,0.0,-9.092438672377347e-10
18.085009,100.0,0.001206174298609082,25.5,26.25,26.5,26.083333333333332,73.93616666666668,1.6313725108944183e-05,0.0,-2.53197739274473e-09
19.588585,100.0,0.0023619125306463527,25.5,26.25,26.5,26.083333333333332,73.94616666666678,3.194097235884224e-05,0.0,-4.957409750059461e-09
21.095889,100.0,0.0038900887440829032,25.5,26.0,26.25,25.916666666666668,73.9653333333334,5.2593408055465905e-05,0.0,-8.16277823210473e-09
22.600422,100.0,0.005787172482262483,25.5,26.25,26.5,26.083333333333332,73.98283333333339,7.822265029344578e-05,1.0197269423652837e-10,-1.2140573708391004e-08
24.110409,100.0,0.008077742549526624,25.5,26.0,26.5,26.0,74.0026666666667,0.00010914933278641326,8.11232027491767e-10,-1.694056024622018e-08
25.619844,100.0,0.010762496391991356,25.5,26.0,26.25,25.916666666666668,74.01816666666659,0.00014538448445215485,2.3158071203705683e-09,-2.2564449592622175e-08
27.125035,100.0,0.013832357784428378,25.5,26.0,26.5,26.0,74.02333333333326,0.0001868189506301836,4.733194994948423e-09,-2.899530036046309e-08
28.632785,100.0,0.01730025000556135,25.5,26.0,26.5,26.0,74.02466666666662,0.00023361743098131838,8.19745158388989e-09,-3.625867481801711e-08
30.134404,100.0,0.021148097216538066,25.5,26.0,26.25,25.916666666666668,74.03066666666673,0.0002855040048272499,1.2809794550498851e-08,-4.4311748600217094e-08
31.64206,100.0,0.02539175186343006,25.5,26.0,26.5,26.0,74.03599999999996,0.00034271249384728057,1.868966895281318e-08,-5.3190812082313056e-08
33.143077,100.0,0.029994459901241704,25.5,26.0,26.5,26.0,74.03949999999993,0.0004047644863117472,2.5899716963124327e-08,-6.28216132050209e-08
34.644461,100.0,0.03498037332523279,25.5,26.0,26.5,26.0,74.04449999999996,0.00047195643847217116,3.4594816780125504e-08,-7.325016356420717e-08
36.155593,100.0,0.040388600970831925,25.5,26.0,26.25,25.916666666666668,74.0513333333332,0.0005448060471331794,4.498677255721623e-08,-8.455681247291094e-08
37.65567,100.0,0.04614123622440434,25.5,26.0,26.5,26.0,74.05566666666654,0.0006222913213646017,5.703629823638102e-08,-9.658294147253379e-08
39.160873,100.0,0.05230216198649664,25.5,26.0,26.25,25.916666666666668,74.06099999999991,0.000705245267113963,7.09922587694973e-08,-1.0945783754155957e-07
40.665706,100.0,0.05883793038820616,25.5,26.0,26.25,25.916666666666668,74.0579999999999,0.0007933106432778836,8.693076833273796e-08,-1.231260549499986e-07
42.177616,100.0,0.06578296893846514,25.5,26.25,26.5,26.083333333333332,74.04533333333326,0.0008869957866402608,1.0506834700796593e-07,-1.3766649028560952e-07
43.682548,100.0,0.07307538817386824,25.5,26.0,26.25,25.916666666666668,74.02683333333334,0.0009854535558635074,1.2538203621968536e-07,-1.5294766268176588e-07
45.187735,100.0,0.0807481945564279,25.5,26.25,26.5,26.083333333333332,74.0078333333333,0.001089076141812137,1.4802198922876117e-07,-1.690304422583179e-07
46.688642,100.0,0.08876727322295833,25.5,26.25,26.25,26.0,73.98666666666658,0.0011974352454635425,1.7302828649670995e-07,-1.8584835471615074e-07
48.199769,100.0,0.09722359824897667,25.5,26.25,26.5,26.083333333333332,73.96350000000007,0.0013117652962090095,2.0084295990022021e-07,-2.0359299009927944e-07
49.706642,100.0,0.10604214377253018,25.5,26.25,26.5,26.083333333333332,73.9463333333335,0.0014309140375430832,2.3129738102327659e-07,-2.2208551203508098e-07
51.212879,100.0,0.11521451837284306,25.5,26.25,26.5,26.083333333333332,73.92733333333358,0.0015549065362134274,2.644213952099904e-07,-2.4132981101686496e-07
52.713479,100.0,0.12466715373991731,25.5,26.5,26.5,26.166666666666668,73.8875000000001,0.0016831934700627378,3.0018900665527404e-07,-2.612406293077049e-07
54.216974,100.0,0.1344584182245147,25.75,26.75,26.75,26.416666666666668,73.83083333333335,0.0018165772836802865,3.3898813792750194e-07,-2.819425105998235e-07
55.717909,100.0,0.14454033646419823,25.75,27.0,26.75,26.5,73.75116666666688,0.0019546738333526556,3.808400401002834e-07,-3.0337583373426087e-07
57.225902,100.0,0.15499833356360482,25.75,27.0,27.0,26.583333333333332,73.65949999999972,0.0020984682884478975,4.2618159948622126e-07,-3.256935022662313e-07
58.736734,100.0,0.1658000197807168,26.0,27.0,27.0,26.666666666666668,73.56149999999992,0.002247439236209382,4.749942935817111e-07,-3.4881459014706793e-07
60.244214,100.0,0.1769337266926463,26.0,27.0,27.25,26.75,73.47016666666684,0.0024010628378562148,5.272192435906694e-07,-3.726577947961652e-07
61.746331,100.0,0.18835815747065138,26.0,27.25,27.25,26.833333333333332,73.38049999999959,0.002558927220244169,5.827711103472969e-07,-3.971591912985888e-07
63.255063,100.0,0.2001131672319092,26.0,27.5,27.25,26.916666666666668,73.27283333333351,0.0027223034168812,6.422651856217794e-07,-4.2251605085304155e-07
64.766771,100.0,0.21216647341329148,26.25,27.75,27.75,27.25,73.15233333333335,0.0028906907472320783,7.056569423408097e-07,-4.486506651625085e-07
66.278138,100.0,0.22443938403528657,26.5,28.0,27.75,27.416666666666668,73.00533333333335,0.0030636995025107765,7.729211587250225e-07,-4.7550254933899537e-07
67.789947,100.0,0.2369433160303243,26.5,28.0,27.75,27.416666666666668,72.83866666666674,0.0032413974237847343,8.442008210799777e-07,-5.030822171584901e-07
69.298078,100.0,0.24966722686212137,26.75,28.25,28.0,27.666666666666668,72.66350000000017,0.0034232834883430306,9.194008530321327e-07,-5.31311907216481e-07
70.804802,100.0,0.2626169264575296,26.75,28.75,28.5,28.0,72.48416666666652,0.003609316061537915,9.985745254819237e-07,-5.601851575929487e-07
72.316648,100.0,0.27582650290647753,27.0,29.0,28.5,28.166666666666668,72.29433333333321,0.003800356322265085,1.0822027843966153e-06,-5.898356278586195e-07
73.82112,100.0,0.2891475484360217,27.25,29.0,28.75,28.333333333333332,72.08983333333316,0.003994707247179318,1.1696743874042168e-06,-6.199999309135911e-07
75.330108,100.0,0.3025915102201874,27.5,29.5,29.0,28.666666666666668,71.85233333333349,0.004193735731464235,1.2617044905708618e-06,-6.508902162013577e-07
76.833592,100.0,0.3161401468219952,27.75,29.75,29.25,28.916666666666668,71.60550000000008,0.004396063060317956,1.357759485325458e-06,-6.822924998104512e-07
78.342918,100.0,0.32981094316098014,28.0,30.25,29.5,29.25,71.33350000000006,0.004603057917580516,1.4585841633325404e-06,-7.144192087934085e-07
79.85364,100.0,0.34359793272552736,28.25,30.5,29.75,29.5,71.04749999999997,0.0048141560399016054,1.5640269124000634e-06,-7.471827664602343e-07
81.358121,100.0,0.35736746089444044,28.75,31.0,30.25,30.0,70.74533333333343,0.005027807913250539,1.6733421023407552e-06,-7.80342679945613e-07
82.866047,100.0,0.3711421844881393,29.0,31.25,30.5,30.25,70.41450000000002,0.005245433935669763,1.7873872585598835e-06,-8.141194026228936e-07
84.376888,100.0,0.38500726961284665,29.5,32.0,31.0,30.833333333333332,70.07500000000005,0.00546701107426918,1.9062599335910438e-06,-8.48509359664339e-07
85.885141,100.0,0.39872844372032806,29.75,32.5,31.25,31.166666666666668,69.70233333333354,0.005691327567057231,2.0294045247635065e-06,-8.833244791276122e-07
87.388419,100.0,0.41242861971156264,30.0,32.75,31.5,31.416666666666668,69.32499999999989,0.00591809125790204,2.1567297301265214e-06,-9.185194168184131e-07
88.89845,100.0,0.42626288210904933,30.5,33.25,32.0,31.916666666666668,68.94999999999962,0.006148997108167669,2.289274808338706e-06,-9.543572398061421e-07
90.4011,100.0,0.43982164041502547,30.75,33.75,32.5,32.333333333333336,68.54316666666644,0.006381319954109097,2.4254914389275836e-06,-9.904149881017185e-07
91.905202,100.0,0.45319765799474315,31.25,34.25,33.0,32.833333333333336,68.10833333333335,0.0066163877721846405,2.5662039114009134e-06,-1.0268987707543087e-06
93.413224,100.0,0.4663575599638966,31.75,35.0,33.5,33.416666666666664,67.64216666666658,0.006854386238830813,2.711671130910308e-06,-1.0638374057399715e-06
94.924903,100.0,0.47911582379234324,32.25,35.75,34.0,34.0,67.12366666666665,0.007095165349540323,2.8619136206505814e-06,-1.1012076115568595e-06
96.435828,100.0,0.49174298720914933,32.75,36.25,34.5,34.5,66.6025000000001,0.007337953311779747,3.0165472377088484e-06,-1.1388896018757619e-06
97.945319,100.0,0.504094480052117,33.0,37.0,35.0,35.0,66.0621666666667,0.007582533050829843,3.175494823003331e-06,-1.176849685539206e-06
99.45539,100.0,0.5162640936049102,33.5,37.5,35.5,35.5,65.51583333333338,0.007829020240823187,3.3388890526729944e-06,-1.2151058157912622e-06
100.963245,100.0,0.5281741359828688,34.25,38.25,36.25,36.25,64.962,0.00807652948002515,3.5061426453425378e-06,-1.253520573547044e-06
102.463965,100.0,0.5396057219648668,35.0,39.0,36.75,36.916666666666664,64.38383333333336,0.008323964131792394,3.676524360515131e-06,-1.2919237549340171e-06
103.967911,100.0,0.5509223588469357,35.5,39.75,37.25,37.5,63.80983333333349,0.008573449195134699,3.851452763016855e-06,-1.3306451711643e-06
105.470496,100.0,0.5616351423152645,36.0,40.5,38.0,38.166666666666664,63.19650000000009,0.008823348758522457,4.0298052263876455e-06,-1.3694309200186406e-06
106.975516,100.0,0.5719164729020753,36.75,41.25,38.75,38.916666666666664,62.56249999999986,0.009074187514593083,4.211991023013603e-06,-1.4083624366007423e-06
108.477897,100.0,0.5816803998202696,37.25,42.0,39.5,39.583333333333336,61.90583333333315,0.009325166988942573,4.397469576932336e-06,-1.4473157934123713e-06
109.989397,100.0,0.5906778217338559,38.0,42.75,40.0,40.25,61.191666666666556,0.009577930075492179,4.587600069167156e-06,-1.486545976377312e-06
111.500607,100.0,0.5993444964981257,38.75,43.5,40.75,41.0,60.479999999999805,0.009830731332378141,4.781087077119203e-06,-1.5257820835826127e-06
113.008186,100.0,0.6074358584161652,39.5,44.25,41.5,41.75,59.74966666666666,0.01008302655386241,4.977609640210219e-06,-1.5649396513869846e-06
114.514599,100.0,0.6150917802303606,40.25,44.75,42.5,42.5,59.01433333333344,0.010335008848126855,5.177330027474093e-06,-1.6040486512131095e-06
116.022346,100.0,0.6221856828110451,41.0,45.75,43.0,43.25,58.2616666666666,0.010586797830034836,5.380359025076529e-06,-1.6431276479275583e-06
117.529929,100.0,0.6286387126675395,41.75,46.5,44.0,44.083333333333336,57.488166666666515,0.010837908703682024,5.586325671774667e-06,-1.682101398612993e-06
119.041401,100.0,0.6344824087989823,42.75,47.25,44.75,44.916666666666664,56.69500000000008,0.011088910521878425,5.795725484797274e-06,-1.721058223309169e-06
120.543231,100.0,0.6398853833713288,43.5,48.25,45.5,45.75,55.91100000000007,0.011337269233176914,6.006381147384935e-06,-1.7596048236778266e-06
122.049944,100.0,0.6443837273892792,44.25,49.0,46.25,46.5,55.084333333333355,0.011585193289526901,6.220092219585477e-06,-1.798083963273674e-06
123.560777,100.0,0.6480637869455199,45.25,50.0,47.25,47.5,54.226999999999926,0.011832226727542262,6.436559259262217e-06,-1.8364248741404134e-06
125.062752,100.0,0.651126949737428,46.0,51.0,48.25,48.416666666666664,53.36749999999988,0.012076115354968468,6.653753146469965e-06,-1.8742776935833332e-06
126.573741,100.0,0.6532828448467236,47.0,52.0,49.0,49.333333333333336,52.47049999999999,0.012319451482198367,6.873947968857911e-06,-1.9120447620406767e-06
128.081738,100.0,0.6547857942197879,48.0,53.0,50.0,50.333333333333336,51.56666666666683,0.012560233675526965,7.0953052078787454e-06,-1.9494154462965257e-06
129.582867,100.0,0.6560429006000066,49.0,54.0,51.0,51.333333333333336,50.690666666666715,0.012797714104224483,7.317014269315226e-06,-1.986273679021767e-06
131.093113,100.0,0.656482937995068,49.75,55.0,51.75,52.166666666666664,49.78833333333327,0.013033993097526496,7.540882639727611e-06,-2.02294544254761e-06
132.601005,100.0,0.6557435282435239,50.75,56.0,52.5,53.083333333333336,48.84049999999985,0.013267206338392293,7.765224949235177e-06,-2.0591413848978224e-06
134.110714,100.0,0.654047698341044,51.75,57.0,53.5,54.083333333333336,47.863333333333436,0.013497926307655625,7.990600513860082e-06,-2.094950358159779e-06
135.617923,100.0,0.6515561632036851,52.75,58.0,54.5,55.083333333333336,46.87233333333334,0.013725336376418932,8.216205069337868e-06,-2.130245617160749e-06
137.129151,100.0,0.6485665817543311,53.5,59.0,55.5,56.0,45.8866666666667,0.01395007807312751,8.442620673439922e-06,-2.16512673054673e-06
138.640933,100.0,0.6451043832871104,54.75,60.25,56.5,57.166666666666664,44.908499999999876,0.014171781464910573,8.669420663207443e-06,-2.199536282757547e-06
140.143046,100.0,0.6414159059591383,55.5,61.0,57.5,58.0,43.96049999999984,0.014388376972559565,8.89436061908594e-06,-2.2331530640306495e-06
141.648947,100.0,0.6366208144815532,56.5,62.25,58.25,59.0,42.97216666666666,0.014602460654370241,9.119941826058646e-06,-2.2663799964988557e-06
143.157027,100.0,0.6314535711591304,57.5,63.25,59.25,60.0,41.9966666666667,0.014813239531028272,9.345367881925113e-06,-2.299094005531242e-06
144.665894,100.0,0.6255475647479118,58.5,64.25,60.0,60.916666666666664,41.009499999999996,0.015020321808809294,9.570136472345101e-06,-2.3312342826462322e-06
146.172531,100.0,0.6190839410919446,59.5,65.25,61.0,61.916666666666664,40.02366666666658,0.015223212152037233,9.793608381803236e-06,-2.362723949097542e-06
147.673533,100.0,0.6124181083030744,60.5,66.25,62.0,62.916666666666664,39.061833333333325,0.015421731484035679,1.0015460332119833e-05,-2.393535211227175e-06
149.176977,100.0,0.6056195404777046,61.5,67.25,63.0,63.916666666666664,38.12516666666677,0.01561650246221968,1.0236017334272892e-05,-2.4237647087963074e-06
150.682079,100.0,0.596963509836673,62.5,68.25,63.75,64.83333333333333,37.10283333333336,0.015807583549473543,1.0455696909653662e-05,-2.4534215155572726e-06
152.189487,100.0,0.5878497873912093,63.25,69.25,64.75,65.75,36.08433333333334,0.015995126661376965,1.0674605123866405e-05,-2.4825292096205807e-06
153.697624,100.0,0.5792820294065989,64.25,70.25,65.75,66.75,35.132333333333285,0.016178504597684783,1.0891889848755765e-05,-2.5109904461535315e-06
155.202607,100.0,0.5710407815652337,65.25,71.0,66.5,67.58333333333333,34.230833333333365,0.01635753718174459,1.1107036079499362e-05,-2.5387772607759735e-06
156.71096,100.0,0.5622408159369863,66.0,72.0,67.25,68.41666666666667,33.322666666666684,0.01653284663744681,1.1320686583355328e-05,-2.5659862259637392e-06
158.221345,100.0,0.5526124918677987,67.0,73.0,68.25,69.41666666666667,32.39200000000008,0.01670408133121598,1.1532311224274023e-05,-2.5925627663051587e-06
159.72658,100.0,0.5429020965074234,67.75,74.0,69.25,70.33333333333333,31.484500000000093,0.016870513493570282,1.1740863028991673e-05,-2.6183939280841013e-06
161.232787,100.0,0.5334042929204413,68.75,74.75,69.75,71.08333333333333,30.614499999999985,0.01703296221157028,1.194713497831562e-05,-2.643606837993348e-06
162.744862,100.0,0.5232244103654006,69.75,75.75,70.75,72.08333333333333,29.727500000000045,0.017191868599884443,1.2151616180591634e-05,-2.6682699593887986e-06
164.255817,100.0,0.5129193525686893,70.5,76.5,71.75,72.91666666666667,28.85700000000002,0.01734639080836753,1.2353084815270992e-05,-2.6922526326251698e-06
165.767088,100.0,0.5023333224110239,71.25,77.5,72.5,73.75,27.992999999999885,0.017496531909468524,1.2551391805475519e-05,-2.7155553345629854e-06
167.269257,100.0,0.4918106484446757,72.25,78.25,73.25,74.58333333333333,27.154499999999963,0.017642118364720287,1.274616175464691e-05,-2.7381511311039523e-06
168.773209,100.0,0.4802515088588334,73.0,79.25,74.0,75.41666666666667,26.27783333333331,0.017783511746013326,1.2937803638122518e-05,-2.7600961401393895e-06
170.274472,100.0,0.4692562962484025,74.0,80.0,75.0,76.33333333333333,25.452666666666627,0.017920656283504317,1.3126160352869085e-05,-2.7813817058913173e-06
171.780027,100.0,0.4583228943361827,74.5,80.75,75.5,76.91666666666667,24.648499999999967,0.018054224516587114,1.3311954303288529e-05,-2.802112210070822e-06
173.284863,100.0,0.4469145833332363,75.25,81.5,76.5,77.75,23.835333333333388,0.01818386271503297,1.3494637781427932e-05,-2.8222327518544226e-06
174.789405,100.0,0.4357374550318892,76.0,82.25,77.25,78.5,23.051833333333427,0.01830927492379389,1.3673700675179304e-05,-2.841697397435732e-06
176.300091,100.0,0.4246952168461038,76.75,83.0,78.0,79.25,22.29050000000002,0.018431333729238983,1.3850192671797622e-05,-2.8606415768863643e-06
177.805314,100.0,0.4138053374877824,77.5,83.75,78.5,79.91666666666667,21.55266666666663,0.01854904488513122,1.402252943935194e-05,-2.8789109778724897e-06
179.307698,100.0,0.4028050754108669,78.25,84.5,79.25,80.66666666666667,20.822833333333346,0.01866280805898205,1.419117132399629e-05,-2.8965676309295547e-06
180.810984,100.0,0.3924528735681939,78.75,85.0,80.0,81.25,20.14033333333332,0.01877302914410401,1.4356531482374567e-05,-2.913674532870626e-06
182.317656,100.0,0.38138935316547573,79.75,86.0,80.5,82.08333333333333,19.431833333333334,0.018879810454089617,1.4518644468829252e-05,-2.9302475633125e-06
183.823285,100.0,0.37044301242823396,80.25,86.5,81.25,82.66666666666667,18.741666666666703,0.018982577625812954,1.467656919395022e-05,-2.94619757802599e-06
185.324915,100.0,0.3593076223758786,81.0,87.25,81.75,83.33333333333333,18.05249999999998,0.019081859019997444,1.4830982282729155e-05,-2.961606581421368e-06
186.833905,100.0,0.3478890834041848,81.5,87.75,82.5,83.91666666666667,17.358833333333322,0.019177878289181327,1.4982189182424478e-05,-2.9765092855688054e-06
188.340254,100.0,0.3367576561797056,82.25,88.5,83.25,84.66666666666667,16.69033333333328,0.019270247219101793,1.5129463300277068e-05,-2.990845437538298e-06
189.851573,100.0,0.3259239963360763,82.75,89.0,83.75,85.16666666666667,16.046499999999956,0.019359330615463462,1.5273258575184154e-05,-3.004671657126416e-06
191.356248,100.0,0.3157354513398877,83.25,89.5,84.25,85.66666666666667,15.444666666666595,0.019444967868264617,1.5413154803322175e-05,-3.0179630168018457e-06
192.860573,100.0,0.30543225912193683,84.0,90.25,84.75,86.33333333333333,14.84483333333328,0.01952743624302375,1.554951412924142e-05,-3.0307625496560455e-06
194.372325,100.0,0.2953154138325744,84.25,90.75,85.5,86.83333333333333,14.261666666666635,0.01960719260975052,1.5682999441141945e-05,-3.043141164358135e-06
195.873381,100.0,0.2858988678449997,84.75,91.0,86.0,87.25,13.721333333333302,0.019683610004051992,1.5812444898914574e-05,-3.05500155268094e-06
197.37606,100.0,0.27638214865888466,85.5,91.75,86.5,87.91666666666667,13.18233333333331,0.019756959766869194,1.5938185526695134e-05,-3.0663858281898106e-06
198.881938,100.0,0.2668303517350649,86.0,92.25,87.0,88.41666666666667,12.647666666666614,0.019827301153852374,1.6060209139761172e-05,-3.077303187678592e-06
200.393254,100.0,0.2578411646331798,86.5,92.75,87.5,88.91666666666667,12.14666666666662,0.0198952230740587,1.6179423567901628e-05,-3.0878450329828117e-06
201.901708,100.0,0.2486525274447618,87.0,93.25,88.0,89.41666666666667,11.640833333333305,0.01996044475014542,1.6295216026883074e-05,-3.097967785957101e-06
203.412851,100.0,0.23991176426114783,87.25,93.5,88.5,89.75,11.162166666666664,0.020023246078344513,1.640801414921532e-05,-3.1077148879937236e-06
204.922908,100.0,0.23197135399703192,87.75,93.75,88.75,90.08333333333333,10.727666666666677,0.020083811843648835,1.6518058415451817e-05,-3.117115018711912e-06
206.425627,100.0,0.224379144356868,88.0,94.25,89.0,90.41666666666667,10.314499999999972,0.020141893618868312,1.6624802068342046e-05,-3.126129620883021e-06
207.928788,100.0,0.21710842928303242,88.5,94.75,89.5,90.91666666666667,9.920833333333318,0.020197793187944242,1.672870774723147e-05,-3.134805532988876e-06
209.432685,100.0,0.21027523688925742,88.75,95.0,89.75,91.16666666666667,9.552000000000017,0.020251718655296756,1.6830079020127382e-05,-3.1431750539485438e-06
210.941242,100.0,0.203728538453491,89.0,95.25,90.0,91.41666666666667,9.200166666666643,0.020303834858819435,1.6929136185437988e-05,-3.1512637674847648e-06
212.44667,100.0,0.19725414355688234,89.5,95.5,90.5,91.83333333333333,8.854666666666693,0.020353998393498357,1.7025530334331386e-05,-3.159049416372365e-06
213.955433,100.0,0.19123672121001756,89.75,95.75,90.75,92.08333333333333,8.534000000000024,0.020402630701746888,1.712001730176095e-05,-3.1665974107280236e-06
215.456784,100.0,0.18568680085777092,89.75,96.25,91.0,92.33333333333333,8.238500000000016,0.02044958919452702,1.7212249244574473e-05,-3.173885619970397e-06
216.966992,100.0,0.18059755125829594,90.25,96.25,91.25,92.58333333333333,7.967333333333333,0.020495405606832516,1.730321350039595e-05,-3.180996572214556e-06
218.475662,100.0,0.17608222133675716,90.25,96.5,91.5,92.75,7.725833333333315,0.020540043098567475,1.739279189080125e-05,-3.1879245496805715e-06
219.986742,100.0,0.17193323899829246,90.5,96.5,91.5,92.83333333333333,7.50366666666663,0.020583515433492974,1.7480963640242782e-05,-3.1946716885777915e-06
221.491776,100.0,0.16836160580233614,90.75,96.75,91.75,93.08333333333333,7.310833333333308,0.020625984598906997,1.756798682114273e-05,-3.2012631302012606e-06
222.993423,100.0,0.1651409859833929,91.0,97.0,92.0,93.33333333333333,7.1361666666666554,0.02066748160620372,1.765390418296894e-05,-3.2077036876852214e-06
224.493944,100.0,0.16191728219106508,91.0,97.0,92.0,93.33333333333333,6.962499999999975,0.02070786909948519,1.7738390275976896e-05,-3.2139720426596558e-06
225.996997,100.0,0.1591554032654212,91.25,97.0,92.0,93.41666666666667,6.811999999999988,0.02074760989003171,1.7822373904483245e-05,-3.22014002591066e-06
227.501526,100.0,0.15642416379587332,91.5,97.25,92.25,93.66666666666667,6.663833333333338,0.02078657820186176,1.790556211725069e-05,-3.2261881163331777e-06
229.007875,100.0,0.15389542292732078,90.0,97.25,92.25,93.16666666666667,6.526166666666663,0.02082495290081854,1.7988309471095622e-05,-3.232144074862759e-06
230.510679,100.0,0.15175429675869717,91.75,97.5,92.75,94.0,6.40783333333334,0.020862552499562755,1.8070181748435385e-05,-3.2379797336936368e-06
232.021899,100.0,0.14921439173252282,91.75,97.5,92.75,94.0,6.271166666666672,0.020899318137044195,1.8151016756218293e-05,-3.2436859572759944e-06
233.531349,100.0,0.147182810246529,91.75,97.5,92.75,94.0,6.15933333333333,0.02093580494863528,1.8232030660810182e-05,-3.2493489055888334e-06
235.038413,100.0,0.1456094105727699,92.0,97.5,93.0,94.16666666666667,6.069833333333318,0.020971902736646692,1.8312963511227228e-05,-3.25495147536137e-06
236.541928,100.0,0.14381478075661483,92.0,97.25,93.0,94.08333333333333,5.970333333333343,0.021007418796244872,1.8393360098369846e-05,-3.2604637577727305e-06
238.043912,100.0,0.14299114317026299,92.0,97.5,93.0,94.16666666666667,5.917333333333362,0.02104275089395942,1.8474081887088943e-05,-3.265947488315812e-06
239.554352,100.0,0.14207553579568652,92.25,97.5,93.0,94.25,5.8601666666666725,0.02107793062033785,1.85552142457762e-05,-3.2714075700125546e-06
241.058187,100.0,0.14137281722796213,92.25,97.5,93.0,94.25,5.813333333333327,0.021112874872455594,1.8636547825239927e-05,-3.276831104844576e-06
242.567895,100.0,0.1409920571802881,92.25,97.5,93.0,94.25,5.781833333333329,0.021147841144473628,1.8718675912140967e-05,-3.282258057282898e-06
244.074984,100.0,0.14059396702966526,92.25,97.5,93.25,94.33333333333333,5.749666666666652,0.021182592137138793,1.8801034591806794e-05,-3.287651597214204e-06
245.586231,100.0,0.14029226564745084,92.25,97.5,93.25,94.33333333333333,5.722166666666655,0.021217208002115556,1.8883819429909264e-05,-3.2930241646055274e-06
247.098148,100.0,0.13992434928592,92.5,97.5,93.25,94.41666666666667,5.691666666666674,0.021251645504761253,1.8966929739866754e-05,-3.2983690492090773e-06
248.60635,100.0,0.13954640497787427,92.5,97.5,93.25,94.41666666666667,5.660833333333358,0.02128590435779049,1.9050356351225426e-05,-3.303686206436628e-06
250.117391,100.0,0.13935629293578974,92.5,97.5,93.25,94.41666666666667,5.63883333333333,0.02132027071554987,1.913479382891186e-05,-3.309020048973295e-06
251.622166,100.0,0.1395142529840394,92.5,97.25,93.25,94.33333333333333,5.633166666666659,0.02135464495649048,1.9219978836635966e-05,-3.314355115021855e-06
253.13282,100.0,0.13988817348301338,92.5,97.25,93.25,94.33333333333333,5.637499999999978,0.02138922992014134,1.9306435747037016e-05,-3.31972288636212e-06
254.640435,100.0,0.14048515938348835,92.5,97.25,93.25,94.33333333333333,5.652166666666651,0.021423886916048126,1.9393825158907713e-05,-3.325101837493778e-06
256.149789,100.0,0.14114603836919146,92.5,97.25,93.25,94.33333333333333,5.669666666666657,0.021458699803375256,1.948236338398841e-05,-3.3305049838076765e-06
257.657984,100.0,0.14178807859417966,92.5,97.25,93.0,94.25,5.686166666666661,0.021493606591039747,1.957189520670733e-05,-3.3359227039561676e-06
259.162774,100.0,0.14250451056363633,92.5,97.0,93.0,94.16666666666667,5.706000000000003,0.021528601070469527,1.966240446473918e-05,-3.3413540343356595e-06
260.665651,100.0,0.14327852601912372,92.5,97.0,93.0,94.16666666666667,5.728333333333345,0.021563769518790524,1.975411012400635e-05,-3.346812365617565e-06
262.171287,100.0,0.1443292531103384,92.5,97.0,93.0,94.16666666666667,5.763166666666684,0.021599477578484728,1.984795158335886e-05,-3.352354447470761e-06
263.682388,100.0,0.14530828015263897,92.5,97.0,93.0,94.16666666666667,5.7945000000000295,0.021635269151428455,1.9942759452595426e-05,-3.3579094910269673e-06
265.187589,100.0,0.14626479215639776,92.5,97.0,93.0,94.16666666666667,5.82466666666669,0.021671042647988106,2.003828496301417e-05,-3.363461729031677e-06
266.695781,100.0,0.14723417735771,92.5,97.0,93.0,94.16666666666667,5.855166666666659,0.021707123057657852,2.0135398228617216e-05,-3.3690616015926397e-06
268.201435,100.0,0.14784439385129128,92.5,96.75,93.0,94.08333333333333,5.868999999999997,0.021743241372883026,2.023335475921763e-05,-3.3746673572985416e-06
269.706971,100.0,0.14862813704908584,92.25,96.75,93.0,94.0,5.890666666666655,0.021779502794451237,2.0332434517331436e-05,-3.3802953238743037e-06
271.218975,100.0,0.14935437702580653,92.5,96.75,93.0,94.08333333333333,5.909499999999984,0.021815986013322766,2.0432854496592147e-05,-3.385957714577851e-06
272.729517,100.0,0.14988230693215693,92.5,96.75,93.0,94.08333333333333,5.919166666666644,0.0218524524858853,2.0533998592787997e-05,-3.391617506164672e-06
274.232851,100.0,0.15064580835006106,92.25,96.75,93.0,94.0,5.939499999999993,0.021888999653094505,2.063614097420397e-05,-3.3972898219922566e-06
275.737231,100.0,0.15128817972977215,92.25,96.75,92.75,93.91666666666667,5.954166666666667,0.0219256458921863,2.0739324419371076e-05,-3.4029775143059236e-06
277.247618,100.0,0.15209342191974537,92.25,96.75,93.0,94.0,5.976,0.021962697398170906,2.084443602540962e-05,-3.408728106208968e-06
278.754318,100.0,0.15296343092021927,92.5,96.75,92.75,94.0,6.000666666666689,0.02199974131380488,2.0950316543180296e-05,-3.4144775200489944e-06
280.259012,100.0,0.15360043395132975,92.25,96.75,93.0,94.0,6.014666666666683,0.022036727489661165,2.1056816648027247e-05,-3.4202179723666986e-06
281.769886,100.0,0.15433410096048028,92.25,96.75,93.0,94.0,6.03283333333334,0.022074047506995795,2.1165051358692355e-05,-3.426010238667432e-06
283.280691,100.0,0.15508330557894232,92.25,96.5,92.75,93.83333333333333,6.051500000000018,0.022111632592792568,2.1274853962675567e-05,-3.4318436450112394e-06
284.791766,100.0,0.1558954208786362,92.25,96.75,92.75,93.91666666666667,6.072833333333331,0.022149384947623536,2.1385944971963844e-05,-3.437703012403809e-06
286.298853,100.0,0.15684708239464706,92.25,96.5,92.75,93.83333333333333,6.100333333333325,0.022187182473523488,2.1497962739487972e-05,-3.4435693905878918e-06
287.810039,100.0,0.15769239218219905,92.25,96.5,92.75,93.83333333333333,6.122833333333312,0.02222518288175072,2.161134664659349e-05,-3.449467257194308e-06
289.320139,100.0,0.15855300222574828,92.25,96.5,92.75,93.83333333333333,6.1458333333333135,0.022263373718041737,2.1726060601438654e-05,-3.455394679254744e-06
290.829332,100.0,0.1593651672713929,92.25,96.5,92.5,93.75,6.166499999999993,0.022301681461310115,2.1841896150197116e-05,-3.4613402459033594e-06
292.330953,100.0,0.1599984764914437,92.25,96.5,92.5,93.75,6.179166666666652,0.02233972229432348,2.1957704208481567e-05,-3.4672443866527955e-06
293.83842,100.0,0.16063185928426996,92.25,96.5,92.5,93.75,6.191666666666651,0.02237797435930206,2.2074948465134335e-05,-3.473181311733028e-06
295.346271,100.0,0.16111454670166006,92.25,96.5,92.75,93.83333333333333,6.197333333333318,0.022416301118170584,2.2193212845646323e-05,-3.479129829704491e-06
296.85238,100.0,0.16156891252970224,92.0,96.5,92.5,93.66666666666667,6.201666666666641,0.02245469876371011,2.2312498610290882e-05,-3.485089349666441e-06
298.354394,100.0,0.16221239273167545,92.0,96.5,92.5,93.66666666666667,6.214333333333329,0.022493129381278926,2.243268501269259e-05,-3.4910539870636913e-06
299.857557,100.0,0.16289287138853092,92.0,96.5,92.75,93.75,6.228500000000004,0.022531707564300667,2.255413082428415e-05,-3.4970415274085084e-06
301.369424,100.0,0.1635097650165449,92.0,96.5,92.5,93.66666666666667,6.239666666666671,0.022570545280263962,2.267718251001134e-05,-3.5030693486539973e-06
302.874279,100.0,0.1641801656277173,92.25,96.5,92.75,93.83333333333333,6.2531666666666705,0.0226092655844741,2.280065971706994e-05,-3.509078946967405e-06
304.378841,100.0,0.16473197721406263,92.0,96.5,92.5,93.66666666666667,6.261333333333343,0.022648038680901057,2.2925105675692994e-05,-3.5150967389152283e-06
305.882538,100.0,0.16517162626541682,92.25,96.5,92.5,93.75,6.264500000000015,0.022686784981143546,2.3050261751042717e-05,-3.521110371951896e-06
307.38445,100.0,0.16560415060634415,92.0,96.5,92.5,93.66666666666667,6.267333333333331,0.02272547895117579,2.3176045005577244e-05,-3.5271158830600413e-06
308.894246,100.0,0.16603297573092646,92.0,96.5,92.75,93.75,6.269833333333345,0.02276447172346885,2.3303578463127456e-05,-3.533167769877247e-06
310.399167,100.0,0.16632034864158676,92.25,96.5,92.75,93.83333333333333,6.266166666666662,0.022803261857709617,2.3431211581193006e-05,-3.5391882061848977e-06
311.907403,100.0,0.16662378975433076,92.0,96.5,92.75,93.75,6.263166666666664,0.02284211368402197,2.355982473235388e-05,-3.5452182174320273e-06
313.418286,100.0,0.16676644298027316,92.0,96.5,92.5,93.66666666666667,6.253166666666656,0.022880836185545303,2.368881018664794e-05,-3.5512281567801936e-06
314.92441,100.0,0.16697899296334043,92.0,96.5,92.75,93.75,6.246166666666658,0.022919663743088164,2.381895328005476e-05,-3.5572544013844944e-06
316.424452,100.0,0.1671429150037128,92.25,96.5,92.75,93.83333333333333,6.2371666666666625,0.022958182217136358,2.3948856645885936e-05,-3.563232674577253e-06
317.935444,100.0,0.1673171217758562,92.25,96.5,92.75,93.83333333333333,6.228499999999985,0.02299696708347677,2.4080463141291556e-05,-3.5692522932785946e-06
319.438338,100.0,0.1676696476549704,92.25,96.5,92.75,93.83333333333333,6.227666666666648,0.023035512878851607,2.4212053311724696e-05,-3.575234806887382e-06
320.944469,100.0,0.16780066170228058,92.0,96.5,92.75,93.75,6.217166666666663,0.023074165254622424,2.434477833551369e-05,-3.5812338623436776e-06
322.45013,100.0,0.16795767601710923,92.25,96.75,92.75,93.91666666666667,6.207833333333328,0.02311269143379014,2.447784094721152e-05,-3.5872133314121975e-06
323.952954,100.0,0.1681367010671057,92.25,96.75,92.75,93.91666666666667,6.19949999999998,0.023151106955692554,2.4611315038635152e-05,-3.593175625881283e-06
325.462249,100.0,0.1681925636912365,92.25,96.75,92.75,93.91666666666667,6.1858333333333295,0.023189559675642825,2.4745713355312772e-05,-3.5991436936863508e-06
326.96355,100.0,0.16810945951229456,92.25,96.75,93.0,94.0,6.166333333333325,0.023227675361123003,2.4879721510512618e-05,-3.605059451938989e-06
328.4649,100.0,0.1679028791399611,92.25,96.75,92.75,93.91666666666667,6.141666666666679,0.02326554108101551,2.5013631234517316e-05,-3.6109364141954535e-06
329.969917,100.0,0.16779013513187563,92.25,96.75,92.75,93.91666666666667,6.121000000000035,0.02330357312634121,2.5148914029145496e-05,-3.6168391910487605e-06
331.476053,100.0,0.16774212588114915,92.25,96.75,92.75,93.91666666666667,6.103166666666677,0.023341544035020412,2.5284742597492572e-05,-3.6227324791675307e-06
332.987339,100.0,0.16766648833788544,92.25,96.75,93.0,94.0,6.08416666666669,0.023379537593299266,2.542143485879769e-05,-3.6286292826253174e-06
334.499309,100.0,0.1677766211505137,92.25,96.75,93.0,94.0,6.07316666666668,0.02341743693289241,2.5558574313873793e-05,-3.634511462839138e-06
336.000921,100.0,0.16770742724048418,92.25,96.75,93.0,94.0,6.054666666666667,0.02345498940385563,2.569523425379144e-05,-3.640339807186331e-06
337.504456,100.0,0.16749480731671565,92.25,97.0,93.0,94.08333333333333,6.03016666666666,0.02349234612507713,2.5831946618680422e-05,-3.646137770126619e-06
339.012198,100.0,0.16736375430672012,92.25,96.75,93.0,94.0,6.0091666666666494,0.023529744111220816,2.5969552392626275e-05,-3.6519421376035415e-06
340.51662,100.0,0.1672264101591883,92.25,96.75,93.25,94.08333333333333,5.987999999999988,0.023566973374416978,2.6107272912741562e-05,-3.657720318376574e-06
342.028227,100.0,0.1669067478975602,92.25,97.0,93.0,94.08333333333333,5.95916666666665,0.023604154353430964,2.6245557967945465e-05,-3.66349100518628e-06
343.537479,100.0,0.16674577182036882,92.25,97.0,93.0,94.08333333333333,5.937166666666648,0.02364118714408888,2.6384053145041143e-05,-3.6692386923705207e-06
345.037658,100.0,0.16661673180531347,92.25,97.0,93.0,94.08333333333333,5.916666666666666,0.023677934749728624,2.6522233837438936e-05,-3.6749421173145922e-06
346.539251,100.0,0.16636311654257116,92.5,97.0,93.25,94.25,5.891000000000003,0.023714543271481925,2.6660640718909557e-05,-3.680623955695587e-06
348.039886,100.0,0.16612557615751952,92.5,97.0,93.25,94.25,5.866166666666672,0.02375089462162564,2.6798819070587084e-05,-3.686265879667261e-06
349.541865,100.0,0.16579025379901924,92.5,97.0,93.25,94.25,5.8373333333333415,0.02378707262842989,2.6937079978003536e-05,-3.691880899825501e-06
351.042266,100.0,0.16554873089754707,92.5,97.0,93.25,94.25,5.812499999999998,0.023823246904635848,2.707605730096858e-05,-3.6974953409749334e-06
352.55187,100.0,0.16527893799132465,92.5,97.0,93.25,94.25,5.7865,0.023859476006162974,2.721597928362538e-05,-3.7031182913074485e-06
354.053853,100.0,0.16516461870077523,92.5,97.0,93.25,94.25,5.7671666666666646,0.023895442224562736,2.735562081801791e-05,-3.70870044077254e-06
355.554998,100.0,0.16542614706536823,92.5,97.0,93.25,94.25,5.763500000000002,0.023931561480481086,2.7496592472615428e-05,-3.714306342479053e-06
357.057595,100.0,0.16542212272404297,92.5,97.25,93.25,94.33333333333333,5.7488333333333275,0.023967420060428603,2.763727268400775e-05,-3.7198717858806332e-06
358.567494,100.0,0.1653211234267911,92.5,97.25,93.5,94.41666666666667,5.730166666666659,0.0240032352925811,2.777848726421028e-05,-3.7254305014725816e-06
360.073474,100.0,0.164890017206961,92.75,97.25,93.5,94.5,5.698000000000011,0.02403852807612357,2.7918332898465947e-05,-3.7309081302458757e-06
361.573946,100.0,0.16420530925143878,92.75,97.25,93.25,94.41666666666667,5.655500000000032,0.024073488173303646,2.8057541981261e-05,-3.736334124316312e-06
363.080689,100.0,0.16353600426390372,92.75,97.25,93.25,94.41666666666667,5.613666666666686,0.024108619030689497,2.8198149673154333e-05,-3.7417866212840194e-06
364.584112,100.0,0.16326613260310097,92.75,97.25,93.25,94.41666666666667,5.588500000000005,0.024143672681428086,2.8339168483561274e-05,-3.7472271353671203e-06
366.092632,100.0,0.16329400295054347,92.75,97.25,93.25,94.41666666666667,5.57566666666668,0.024178783545089625,2.8481116847507118e-05,-3.752676529201873e-06
367.59647,100.0,0.16356283727959942,92.5,97.25,93.25,94.33333333333333,5.572833333333344,0.02421380446793836,2.8623392731679405e-05,-3.758111963741417e-06
369.104008,100.0,0.16379247046091025,92.75,97.25,93.25,94.41666666666667,5.568333333333338,0.024248887104466897,2.876663549030959e-05,-3.7635569765741507e-06
370.615785,100.0,0.16392980758645373,92.75,97.25,93.25,94.41666666666667,5.560000000000012,0.024284010376732373,2.8910761875274724e-05,-3.769008296290606e-06
372.116685,100.0,0.16390000988354023,92.75,97.5,93.5,94.58333333333333,5.544999999999985,0.0243185874653466,2.905333999339036e-05,-3.7743748453830566e-06
373.618225,100.0,0.16385768015220187,92.75,97.25,93.5,94.5,5.529499999999991,0.02435318318511219,2.919670148618816e-05,-3.779744286129854e-06
375.121283,100.0,0.16376211992724424,92.75,97.25,93.5,94.5,5.511833333333335,0.02438777639464102,2.9340761069381982e-05,-3.7851133372744776e-06
376.626838,100.0,0.163505756210962,92.75,97.25,93.5,94.5,5.487666666666662,0.024422204319180688,2.948483964207154e-05,-3.7904567353047403e-06
378.129052,100.0,0.16345900363081378,92.75,97.25,93.5,94.5,5.472166666666657,0.02445648883355772,2.962902065211391e-05,-3.795777875310716e-06
379.629505,100.0,0.16344018506715535,92.75,97.5,93.5,94.58333333333333,5.457833333333335,0.02449073937948015,2.9773758596789417e-05,-3.8010937432308535e-06
381.138858,100.0,0.16338527129213706,92.75,97.5,93.75,94.66666666666667,5.4419999999999975,0.024525091290672325,2.9919619844302644e-05,-3.8064253435830185e-06
382.641804,100.0,0.16360755977094452,92.75,97.25,93.5,94.5,5.4375,0.024559382332527864,3.0065918337824277e-05,-3.811747496688569e-06
384.145377,100.0,0.16367290722826003,93.0,97.25,93.75,94.66666666666667,5.4266666666666525,0.024593495173278204,3.021215411736541e-05,-3.817041992029465e-06
385.653491,100.0,0.16385474783165513,92.75,97.25,93.5,94.5,5.4205000000000005,0.024627784004894057,3.035984463312689e-05,-3.822363802093995e-06
387.157214,100.0,0.1640066443118571,92.75,97.5,93.5,94.58333333333333,5.413166666666654,0.024661924098082978,3.050759182041388e-05,-3.827662527159119e-06
388.665843,100.0,0.1640353283515427,93.0,97.5,93.5,94.66666666666667,5.40083333333334,0.024696049726330212,3.06559753533121e-05,-3.83295900718793e-06
390.171816,100.0,0.16419483881113262,93.0,97.5,93.5,94.66666666666667,5.3938333333333395,0.024730107417108092,3.080476108782092e-05,-3.838244942958119e-06
391.67632,100.0,0.1642633054787911,93.0,97.5,93.75,94.75,5.38316666666665,0.02476410413353759,3.095395369107969e-05,-3.84352141518331e-06
393.1772,100.0,0.16430499291350892,93.0,97.5,93.75,94.75,5.371500000000017,0.024797902372742046,3.110295622726083e-05,-3.848767082681598e-06
394.678228,100.0,0.16435421361875338,93.0,97.25,93.75,94.66666666666667,5.360166666666679,0.024831651384096227,3.12524235914333e-05,-3.8540051097542215e-06
396.178623,100.0,0.16431872033396253,92.75,97.5,93.5,94.58333333333333,5.34550000000001,0.024865216564394926,3.1401757236443024e-05,-3.859214605263796e-06
397.68279,100.0,0.16443097163626688,93.0,97.5,93.5,94.66666666666667,5.336666666666669,0.024899062595533435,3.155302698419822e-05,-3.864467690325872e-06
399.187094,100.0,0.16483560338796932,93.0,97.5,93.5,94.66666666666667,5.339499999999995,0.02493304621678547,3.170560311344344e-05,-3.869742130109485e-06
400.697622,100.0,0.16521233070833397,92.75,97.5,93.75,94.66666666666667,5.341166666666676,0.024967070025396033,3.1859048524355935e-05,-3.875022807186086e-06
402.203085,100.0,0.16560012577087677,93.0,97.5,93.75,94.75,5.343333333333333,0.0250008658479225,3.201211556831522e-05,-3.880268099603026e-06
403.713976,100.0,0.1660627563554522,92.75,97.5,93.75,94.66666666666667,5.348333333333324,0.025034985252059945,3.216731023235183e-05,-3.885563613616702e-06
405.214044,100.0,0.1658766167837778,92.75,97.5,93.75,94.66666666666667,5.32766666666668,0.025068462551673602,3.232025811645142e-05,-3.890759469573917e-06
406.726154,100.0,0.16607091318055087,93.0,97.5,93.75,94.75,5.322000000000007,0.025102383256405913,3.247592385511908e-05,-3.89602414437715e-06
408.232236,100.0,0.1662463884424405,93.0,97.5,93.5,94.66666666666667,5.315666666666675,0.025136092581009777,3.2631298979319336e-05,-3.901256011853855e-06
409.743735,100.0,0.16631471658977423,93.0,97.5,93.5,94.66666666666667,5.304999999999999,0.02516996411384325,3.2788110553120496e-05,-3.906513054915388e-06
411.253338,100.0,0.16668877504472593,93.0,97.5,93.75,94.75,5.306500000000003,0.025203737060979007,3.294514433064075e-05,-3.9117547969493404e-06
412.756891,100.0,0.16680897392412544,93.0,97.5,93.75,94.75,5.298,0.02523728266971395,3.310179634272073e-05,-3.916961254847539e-06
414.257935,100.0,0.16692351713684014,93.0,97.5,93.75,94.75,5.28933333333333,0.025270677964905102,3.3258424519543e-05,-3.922144383279769e-06
415.758863,100.0,0.16692789808691033,93.0,97.5,93.5,94.66666666666667,5.2763333333333335,0.02530401734505541,3.3415467901949646e-05,-3.927318833398591e-06
417.265569,100.0,0.16701828288873993,93.0,97.5,93.75,94.75,5.266666666666669,0.02533752067321562,3.357395596587111e-05,-3.932518729125446e-06
418.77142,100.0,0.16700108711921954,93.0,97.75,93.75,94.83333333333333,5.252833333333318,0.025370841019273793,3.373223336802621e-05,-3.937690225051367e-06
420.288188,100.0,0.16719755825376215,93.25,97.75,93.75,94.91666666666667,5.247666666666668,0.025403540712205016,3.3888220678387895e-05,-3.9427653922923505e-06
421.792518,100.0,0.16733259963209698,93.0,97.5,93.75,94.75,5.239499999999996,0.025437686746854836,3.4051785392172464e-05,-3.9480650395039815e-06
423.301329,100.0,0.16727573667987486,93.0,97.5,93.75,94.75,5.224166666666665,0.025470894773177388,3.421153723566735e-05,-3.953219102806176e-06
424.807801,100.0,0.167246429546385,93.0,97.5,93.75,94.75,5.2099999999999955,0.02550391310698919,3.437104225897142e-05,-3.958343724816111e-06
426.319788,100.0,0.16705130242839186,93.25,97.75,93.75,94.91666666666667,5.189333333333332,0.025536963746100445,3.453137648241126e-05,-3.963473360781306e-06
427.821712,100.0,0.16662339748928767,93.25,97.75,93.75,94.91666666666667,5.15983333333335,0.025569410953699998,3.468944366542294e-05,-3.968509340948369e-06
429.324448,100.0,0.16622369133980408,93.25,97.75,93.75,94.91666666666667,5.131500000000009,0.025601805889991152,3.484791456108826e-05,-3.97353720832879e-06
430.834423,100.0,0.16596056426751649,93.25,97.75,93.75,94.91666666666667,5.1085,0.02563431085953185,3.50075781347242e-05,-3.978582153458064e-06
432.340938,100.0,0.16558339464716662,93.25,97.75,94.0,95.0,5.081166666666662,0.025666618894614367,3.516691839620459e-05,-3.9835965333061045e-06
433.849225,100.0,0.16539561050078655,93.25,97.75,93.75,94.91666666666667,5.061333333333327,0.025698714170303165,3.532585184682561e-05,-3.9885778917582645e-06
435.351085,100.0,0.16509716030571925,93.25,97.75,94.0,95.0,5.037333333333328,0.025730511096053527,3.548394400708211e-05,-3.993512944704221e-06
436.855188,100.0,0.16472838896252254,93.25,97.75,94.0,95.0,5.010666666666657,0.02576223941447723,3.5642339717441707e-05,-3.9984373494261274e-06
438.357204,100.0,0.16405771480177553,93.25,98.0,94.0,95.08333333333333,4.972499999999995,0.025793539022358185,3.5799231693015374e-05,-4.0032952159788e-06
439.858647,100.0,0.1637602160059405,93.25,98.0,94.0,95.08333333333333,4.948833333333343,0.025824896974495578,3.595705010577463e-05,-4.0081621378721265e-06
441.359087,100.0,0.1634947664533589,93.5,97.75,94.0,95.08333333333333,4.9265,0.02585609822227349,3.611469856132854e-05,-4.013004738410709e-06
442.865731,100.0,0.16325512737975087,93.25,98.0,94.0,95.08333333333333,4.905166666666677,0.025887357316603497,3.627326999495591e-05,-4.017856317043579e-06
444.374481,100.0,0.1632562853777529,93.5,98.0,94.0,95.16666666666667,4.8931666666666835,0.025918580899366727,3.643229400613861e-05,-4.0227023840913455e-06
445.875008,100.0,0.16304136740307099,93.5,98.0,94.0,95.16666666666667,4.87300000000001,0.025949400393586567,3.6589884151848447e-05,-4.027485734435864e-06
447.385987,100.0,0.16288823027977134,93.25,98.0,94.0,95.08333333333333,4.8551666666666655,0.025980403387800846,3.674904176476695e-05,-4.03229756496099e-06
448.895989,100.0,0.16282117320308112,93.5,98.0,94.0,95.16666666666667,4.840666666666677,0.026011385933770566,3.690872435967546e-05,-4.037106221809185e-06
450.400959,100.0,0.16265123836916318,93.5,98.0,94.0,95.16666666666667,4.822333333333326,0.026042090366756206,3.706759792387604e-05,-4.0418717140347376e-06
451.909652,100.0,0.16278643960124117,93.5,98.0,94.0,95.16666666666667,4.815666666666667,0.026072947158901665,3.7227872999635846e-05,-4.046660853216804e-06
453.421516,100.0,0.16288246362195324,93.5,98.0,94.25,95.25,4.807499999999991,0.02610376362304167,3.738856427286484e-05,-4.051443733276718e-06
454.922737,100.0,0.1627610656763621,93.5,98.0,94.25,95.25,4.791166666666663,0.02613418113322413,3.7547792594148894e-05,-4.056164693548578e-06
456.433997,100.0,0.1628156927516499,93.5,98.0,94.0,95.16666666666667,4.7815,0.026164806136417723,3.7708728476030135e-05,-4.060917857845567e-06
457.942025,100.0,0.1626369701528406,93.75,98.0,94.25,95.33333333333333,4.7629999999999955,0.026195205117999467,3.786909617481912e-05,-4.065635942379488e-06
459.450603,100.0,0.16219155072603045,93.5,98.0,94.0,95.16666666666667,4.734499999999998,0.0262252451895909,3.8028183159405e-05,-4.070298322163244e-06
460.959935,100.0,0.1619024625283355,93.75,98.0,94.25,95.33333333333333,4.712000000000001,0.026255242538136214,3.818764752364807e-05,-4.074954071101735e-06
462.470162,100.0,0.16151557742330722,93.75,98.25,94.25,95.41666666666667,4.6858333333333455,0.02628518959259819,3.834744671418901e-05,-4.07960201412949e-06
463.981767,100.0,0.16096717553887238,93.5,98.25,94.25,95.33333333333333,4.65366666666667,0.026314875472635654,3.850646066649794e-05,-4.084209421489644e-06
465.492987,100.0,0.160821384881388,93.75,98.25,94.0,95.33333333333333,4.636833333333327,0.026344557833239062,3.866606096829751e-05,-4.088816282614801e-06
467.003811,100.0,0.16062603497498082,93.75,98.25,94.25,95.41666666666667,4.618166666666667,0.02637414795090418,3.882576756531349e-05,-4.093408827142558e-06
468.510319,100.0,0.16040183176181444,93.75,98.25,94.25,95.41666666666667,4.5984999999999925,0.02640355493356082,3.898508439983521e-05,-4.097972948137486e-06
470.011974,100.0,0.16050659397121397,93.75,98.25,94.25,95.41666666666667,4.591333333333324,0.026432867825371825,3.914448682899038e-05,-4.102522465729919e-06
471.522132,100.0,0.1605863127315697,93.75,98.25,94.25,95.41666666666667,4.583166666666648,0.02646230601228599,3.930515389292812e-05,-4.1070914297925155e-06
473.026445,100.0,0.1607764604815558,93.75,98.25,94.25,95.41666666666667,4.579166666666648,0.02649173716650383,3.9466380706607526e-05,-4.11165930234302e-06
474.537096,100.0,0.16098904950095794,93.75,98.25,94.25,95.41666666666667,4.575999999999989,0.02652116594780581,3.9628194123798844e-05,-4.1162268066043e-06
476.043615,100.0,0.16121016108250125,93.75,98.25,94.25,95.41666666666667,4.573166666666659,0.026550521173629372,3.9790202668632036e-05,-4.120782894661913e-06
477.550325,100.0,0.16118082973006984,93.75,98.25,94.25,95.41666666666667,4.560999999999991,0.026579599736392824,3.9951275332382406e-05,-4.125296043132827e-06
479.053518,100.0,0.16088315879716505,94.0,98.25,94.25,95.5,4.5388333333333195,0.026608461074052417,4.011173182278326e-05,-4.129775477105767e-06
480.560512,100.0,0.16050335521042536,93.75,98.5,94.5,95.58333333333333,4.513666666666669,0.026637176681925785,4.027196229015686e-05,-4.134232293036437e-06
482.063949,100.0,0.1601626602451686,94.0,98.5,94.25,95.58333333333333,4.490000000000003,0.026665884765846005,4.043272380243289e-05,-4.138687941209332e-06
483.568779,100.0,0.16005650928053863,93.75,98.5,94.25,95.5,4.475166666666667,0.02669455625640755,4.0593864074475676e-05,-4.143137909897247e-06
485.069412,100.0,0.15976858748448802,94.0,98.5,94.25,95.58333333333333,4.4536666666666695,0.026722890571647912,4.075368305710223e-05,-4.147535547171889e-06
486.579961,100.0,0.15976257585658954,93.75,98.5,94.5,95.58333333333333,4.442666666666659,0.02675138422304711,4.0914981278894114e-05,-4.151957914270608e-06
488.080564,100.0,0.1596742950919936,94.0,98.5,94.25,95.58333333333333,4.42866666666666,0.026779707829518593,4.107589568433243e-05,-4.156353889487037e-06
489.58566,100.0,0.15981595108827532,94.0,98.5,94.25,95.58333333333333,4.423166666666673,0.02680823471950535,4.123854615840878e-05,-4.1607814153923195e-06
491.093854,100.0,0.15991541258203157,93.75,98.5,94.25,95.5,4.416166666666686,0.0268365733696181,4.140068921965367e-05,-4.165179725462338e-06
492.594766,100.0,0.16003609136116959,94.0,98.5,94.5,95.66666666666667,4.410000000000003,0.026864751728923976,4.1562478723950184e-05,-4.1695531575417895e-06
494.104048,100.0,0.1600227821196518,94.0,98.5,94.5,95.66666666666667,4.398833333333328,0.026892971582979378,4.172508228805615e-05,-4.173933029828307e-06
495.607745,100.0,0.15998207193071604,94.0,98.5,94.5,95.66666666666667,4.386666666666661,0.026921144263425217,4.188798576182423e-05,-4.178305580518311e-06
497.11909,100.0,0.15994521585281185,94.0,98.5,94.5,95.66666666666667,4.374666666666658,0.026949264959939448,4.2051164741396964e-05,-4.182670063024086e-06
498.623435,100.0,0.1599021304479587,94.0,98.5,94.5,95.66666666666667,4.362499999999997,0.02697722547949721,4.221398429365219e-05,-4.187009685209501e-06
500.123907,100.0,0.1601341361745994,94.0,98.5,94.5,95.66666666666667,4.36049999999999,0.02700524996269137,4.237774371228394e-05,-4.191359234893399e-06
501.636049,100.0,0.16014619219207876,94.0,98.5,94.5,95.66666666666667,4.350333333333326,0.027033306256539796,4.254224363821433e-05,-4.195713721760975e-06
503.14821,100.0,0.1605571604863794,94.0,98.5,94.5,95.66666666666667,4.354833333333322,0.02706156529895446,4.270849646367253e-05,-4.2000996762904585e-06
504.660218,100.0,0.16081850776920603,94.0,98.5,94.5,95.66666666666667,4.353833333333326,0.027089688153375768,4.287452049743368e-05,-4.204464493714954e-06
506.16046,100.0,0.16097406564660618,93.75,98.5,94.25,95.5,4.348999999999993,0.027117582396660674,4.3039757594403904e-05,-4.208793829468328e-06
507.669469,100.0,0.16138627277691203,94.0,98.5,94.5,95.66666666666667,4.353499999999987,0.027145756421008915,4.320722219805008e-05,-4.213166588739172e-06
509.172505,100.0,0.16162580969829454,94.0,98.5,94.5,95.66666666666667,4.3516666666666595,0.027173801228729682,4.337448468460608e-05,-4.2175192928982996e-06
510.678333,100.0,0.16193339533910883,94.0,98.5,94.5,95.66666666666667,4.3523333333333145,0.027201800347123925,4.354203465503519e-05,-4.221864905829576e-06
512.18634,100.0,0.1621826096918552,94.0,98.5,94.5,95.66666666666667,4.350833333333323,0.027229819910075562,4.37102599040985e-05,-4.226213691865512e-06
513.692907,100.0,0.16223652715312942,94.0,98.75,94.5,95.75,4.342166666666651,0.02725776939423974,4.3878632773683876e-05,-4.23055160129881e-06
515.194011,100.0,0.16242197430302657,94.0,98.5,94.5,95.66666666666667,4.338333333333314,0.027285711094494215,4.40475224202651e-05,-4.234888302627686e-06
516.706355,100.0,0.1628156523848994,94.0,98.5,94.5,95.66666666666667,4.341999999999986,0.027313916267318106,4.421857217826107e-05,-4.239265896308555e-06
518.217696,100.0,0.1630673348522108,94.0,98.5,94.5,95.66666666666667,4.340499999999978,0.027341994226967124,4.438940891006061e-05,-4.243623745824266e-06
519.726563,100.0,0.1634704478601217,94.0,98.5,94.5,95.66666666666667,4.344499999999983,0.027370100702021175,4.4560987417833316e-05,-4.247986021083355e-06
521.229577,100.0,0.1636939004823797,94.0,98.5,94.5,95.66666666666667,4.3419999999999845,0.027397993284874498,4.473181363945507e-05,-4.252315099128865e-06
522.735708,100.0,0.16385048028338534,94.0,98.5,94.5,95.66666666666667,4.336999999999979,0.027426002090338762,4.49039092175867e-05,-4.256662215545224e-06
524.245385,100.0,0.16417283161139237,94.0,98.5,94.5,95.66666666666667,4.337999999999977,0.027454083441188878,4.5077017643515645e-05,-4.261020591393484e-06
525.755208,100.0,0.16438101039498088,94.0,98.5,94.5,95.66666666666667,4.334833333333312,0.027482137603440187,4.5250524240335504e-05,-4.265374747425784e-06
527.265735,100.0,0.16469056876452498,94.0,98.5,94.5,95.66666666666667,4.335333333333311,0.02751020410680987,4.5424663893469236e-05,-4.269730818865666e-06
528.766593,100.0,0.16493443847320352,94.0,98.5,94.5,95.66666666666667,4.333499999999987,0.027538080904140925,4.55981648751092e-05,-4.274057446913684e-06
530.266926,100.0,0.16546531044151785,93.0,96.75,94.25,94.66666666666667,4.341999999999983,0.02756617805783758,4.57735731698462e-05,-4.2784182754482506e-06
531.778633,100.0,0.1658543873637315,94.0,98.5,94.5,95.66666666666667,4.345166666666648,0.02759457294242203,4.595136883341789e-05,-4.282825313409046e-06
533.287995,100.0,0.16606906363913235,94.25,98.5,94.5,95.75,4.342166666666655,0.02762256650147381,4.6127218225218367e-05,-4.287170063500634e-06
534.795202,100.0,0.1661485953925542,94.25,98.75,94.5,95.83333333333333,4.334333333333313,0.02765038173321956,4.6302506285064414e-05,-4.291487136240526e-06
536.3024,100.0,0.16614397293480151,94.25,98.75,94.5,95.83333333333333,4.323499999999993,0.02767808567119066,4.6477652173800955e-05,-4.2957869355913266e-06
537.810136,100.0,0.16555616979378096,94.0,98.5,94.5,95.66666666666667,4.291666666666659,0.02770567675193616,4.665264040005514e-05,-4.300069218897081e-06
539.313712,100.0,0.16542861124322636,94.0,98.75,94.5,95.75,4.276499999999995,0.027733179282349713,4.682761370570806e-05,-4.304337758717701e-06
540.815603,100.0,0.1656209417283011,94.0,98.75,94.5,95.75,4.272833333333325,0.027760776421992123,4.700371230032027e-05,-4.30862098239666e-06
542.322279,100.0,0.16570142257283305,94.0,98.5,94.5,95.66666666666667,4.2651666666666666,0.027788282693869515,4.717976550303059e-05,-4.3128901029124736e-06
543.831163,100.0,0.1658895997393045,94.0,98.75,94.5,95.75,4.261333333333333,0.027815873235901276,4.735689192338387e-05,-4.317172302606976e-06
545.336798,100.0,0.16582827600535618,94.0,98.75,94.5,95.75,4.248666666666673,0.02784310513228554,4.75322629552675e-05,-4.321398838578727e-06
546.841083,100.0,0.16552397368842472,94.0,98.75,94.5,95.75,4.227333333333351,0.02787019923410598,4.7707291951894425e-05,-4.325603988097159e-06
548.347384,100.0,0.16533478754899514,94.25,98.75,94.5,95.83333333333333,4.2101666666666775,0.027897250988136224,4.7882592216485005e-05,-4.3298025650120595e-06
549.857603,100.0,0.16507133261835305,94.25,98.75,94.5,95.83333333333333,4.1903333333333395,0.02792437369527727,4.8058898710576044e-05,-4.3340121542292505e-06
551.368777,100.0,0.16509588802455932,94.25,98.75,94.75,95.91666666666667,4.18083333333334,0.027951441745071245,4.823538851864451e-05,-4.338213260333839e-06
552.871158,100.0,0.16499989746741803,94.25,98.75,94.5,95.83333333333333,4.1671666666666765,0.027978170271406463,4.841019891808845e-05,-4.342361670581649e-06
554.37673,100.0,0.16486169900880468,94.25,99.0,94.75,96.0,4.152,0.028004875656113145,4.858539522179657e-05,-4.346506489124942e-06
555.879682,100.0,0.16457559630580593,94.25,98.75,94.75,95.91666666666667,4.1316666666666695,0.028031335890934882,4.875951700483208e-05,-4.350613259094871e-06
557.38139,100.0,0.16444367005227817,94.25,98.75,94.75,95.91666666666667,4.116833333333319,0.028057809012491844,4.893423257673802e-05,-4.3547220291550335e-06
558.885274,100.0,0.16442373211669992,94.25,98.75,94.5,95.83333333333333,4.105999999999986,0.02808430758440691,4.910962083071876e-05,-4.358834749246897e-06
560.396835,100.0,0.16420128457914365,94.25,99.0,94.75,96.0,4.0879999999999885,0.0281106833514236,4.928469764207442e-05,-4.362928409361699e-06
561.903813,100.0,0.16431086742518075,94.25,98.75,94.75,95.91666666666667,4.081833333333319,0.028137041935372517,4.9460151751979774e-05,-4.367019402572475e-06
563.409743,100.0,0.16393262179464382,94.25,99.0,94.75,96.0,4.058499999999993,0.028162965845790873,4.963322490950176e-05,-4.371042932126404e-06
564.919071,100.0,0.16359719463043199,94.25,99.0,95.0,96.08333333333333,4.036666666666667,0.02818899231897217,4.980750878154716e-05,-4.375082379969716e-06
566.42485,100.0,0.16328257183188782,94.25,99.0,94.75,96.0,4.015666666666665,0.02821484571365499,4.998115639442062e-05,-4.379094965104327e-06
567.93021,100.0,0.1630234886068036,94.25,99.0,94.75,96.0,3.9966666666666706,0.028240646863337403,5.0154976414078105e-05,-4.383099441535439e-06
569.433546,100.0,0.1631353193021408,94.25,99.0,94.75,96.0,3.9908333333333372,0.028266385597378922,5.032888544726767e-05,-4.3870942307252435e-06
570.937635,100.0,0.16303391736871434,94.25,99.0,94.75,96.0,3.9775000000000134,0.0282920030257117,5.0502475333945665e-05,-4.391070192620235e-06
572.439558,100.0,0.16326861761400785,94.25,99.0,94.75,96.0,3.976000000000009,0.02831773124715189,5.067731817533169e-05,-4.395063350198097e-06
573.94784,100.0,0.16317087831745042,94.5,99.0,94.75,96.08333333333333,3.9628333333333354,0.02834325572051172,5.085127977301583e-05,-4.399024884984115e-06
575.448242,100.0,0.16312351616739018,94.25,99.0,95.0,96.08333333333333,3.9515000000000127,0.02836864376549878,5.102482032802138e-05,-4.4029652453569745e-06
576.954758,100.0,0.16295228603703268,94.5,99.0,95.0,96.16666666666667,3.9358333333333335,0.028393955896609466,5.1198347696162254e-05,-4.406893823490189e-06
578.464172,100.0,0.1628635529065152,94.5,99.0,95.0,96.16666666666667,3.922999999999994,0.028419477812076346,5.137382449126504e-05,-4.4108549612775346e-06
579.968252,100.0,0.16273703546668924,94.5,99.0,95.0,96.16666666666667,3.9090000000000065,0.028444592895093188,5.154699959485213e-05,-4.414752956492648e-06
581.47463,100.0,0.1626626055777689,94.5,99.0,95.0,96.16666666666667,3.8968333333333303,0.02846972392335772,5.1720781014176244e-05,-4.418653426495486e-06
582.986138,100.0,0.16265463781872172,94.5,99.0,95.0,96.16666666666667,3.8869999999999933,0.028494850344248618,5.189503318859167e-05,-4.422553181409293e-06
584.492825,100.0,0.16247996380121968,94.5,99.0,95.0,96.16666666666667,3.8713333333333275,0.02851996148997956,5.206968621967897e-05,-4.426450565536576e-06
585.99386,100.0,0.16270857786693968,94.25,99.0,94.75,96.0,3.869833333333325,0.028544996721025905,5.224431844232159e-05,-4.4303361672987665e-06
587.501034,100.0,0.16279931296135183,94.25,99.0,95.0,96.08333333333333,3.8634999999999824,0.028569989955528542,5.241915676816782e-05,-4.434215250972754e-06
589.010678,100.0,0.16301441914780881,94.5,99.0,95.0,96.16666666666667,3.8614999999999795,0.02859501971016038,5.259475053702508e-05,-4.4381000027661164e-06
590.51553,100.0,0.16309550324719074,94.5,99.0,95.0,96.16666666666667,3.8548333333333167,0.028619970850812266,5.277028561245176e-05,-4.441972553249321e-06
592.025449,100.0,0.16323461619536667,94.5,99.0,94.75,96.08333333333333,3.850166666666647,0.02864497683939795,5.294668120087857e-05,-4.44585361642521e-06
593.535716,100.0,0.16375973003221939,94.5,99.0,95.0,96.16666666666667,3.8588333333333282,0.028670300349328777,5.312581936755135e-05,-4.449783960612163e-06
595.043421,100.0,0.16412082160787994,94.5,99.0,95.0,96.16666666666667,3.8618333333333332,0.028695409147935957,5.3303934046742615e-05,-4.453680980453279e-06
596.552484,100.0,0.1644049655879476,94.5,99.0,95.0,96.16666666666667,3.862166666666649,0.028720426941714443,5.348189000122332e-05,-4.457563875858234e-06
598.062711,100.0,0.16472353831615524,94.5,99.0,95.0,96.16666666666667,3.863666666666654,0.028745478751919018,5.3660590244991166e-05,-4.461452050794459e-06
599.572837,100.0,0.16480854907399803,94.5,99.0,94.75,96.08333333333333,3.856999999999995,0.028770610349989963,5.3840366262714845e-05,-4.4653526092342995e-06
601.078565,100.0,0.16494466167337252,94.5,99.0,95.0,96.16666666666667,3.8521666666666534,0.0287955571764709,5.401931495453285e-05,-4.4692244901350975e-06
602.587101,100.0,0.16494470105898068,94.5,99.25,95.0,96.25,3.84266666666664,0.02882034357002508,5.419760442802495e-05,-4.473071470987568e-06
